,lines,month,ridership,additional_platform_time,additional_train_time,over_five_mins_perc,wait_assessment,service_delivered,terminal_on_time_performance,percent_late,infra_critical,noninfra_critical,infra_noncritical,noninfra_noncritical
0,1,1,95010.89655172414,0.6999114,0.5234027,0.07730745,0.77876055,0.99069005,0.83726877,0.03394333,0.0,0.0,1082.0,572.0
1,1,2,91154.4827586207,1.0039914,0.5949038,0.09609109,0.7481025,0.97463536,0.80843043,0.041466758,4.0,1.0,1200.0,477.0
2,"1,2,3",1,390608.75,2.6245348187891464,1.655574975383463,0.3144994280347445,2.1632972454724624,2.889625493227431,2.3886766595621016,0.10740239556306236,4.834079595585793,3.222719730390528,2959.8575242585407,2005.7899141649614
3,"1,2,3",2,362506.25,2.9371125801429305,1.690338482505291,0.3212399860661349,2.150877071980825,2.8796296224252966,2.3393604312391263,0.12509193518593145,6.4797299028621556,3.189572469571298,3094.6984917190357,1572.0510884403266
4,"1,R,W",1,241655.0,4.284014387937544,0.2336089329905765,0.4050683037095374,0.9271992645034897,1.5986856794178324,1.48223169555299,0.03246895562279748,9.170301866235473,1.1703018662354738,3565.8440065371196,585.4421569254771
5,"1,R,W",2,220487.0,3.788253196349584,0.23338144083579163,0.3864944059277635,0.9767897235717515,1.6330564605454945,1.4827362626940501,0.04140517768742594,10.16323768533222,2.0,2950.3029623557995,537.802846211092
6,2,1,28705.0,1.1232483,0.58728504,0.14276768,0.6507053,0.9361881,0.7133803,0.04169014,3.0,2.0,1145.0,890.0
7,2,2,28112.0,1.1653521,0.53256625,0.13321753,0.67777085,0.94222224,0.7185355,0.043968618,1.0,2.0,1042.0,680.0
8,"2,3",1,85595.5,2.0511988583524907,1.152761713331806,0.2571085512549142,1.3428149896345474,1.8790508083832227,1.521710535806275,0.07480306108882454,6.0,4.0,1808.8434866450089,1503.6836689609925
9,"2,3",2,80225.7,1.9146566946107826,1.0721577700762701,0.23328007801234155,1.379730122906436,1.8940735528298618,1.509735307597917,0.08379577418857667,1.1181650911901455,2.236330182380291,1770.066772463692,1129.8410888006279
10,"2,3,4,5",1,84722.0,3.898035233673303,2.424096758212324,0.5220792670748343,2.6517063115083483,3.7568378341963,3.087567255414907,0.13790407505348684,9.05675110487023,7.82227831963664,3362.6927117152245,3287.953051655458
11,"2,3,4,5",2,79970.0,3.794794454692881,1.8414903595403689,0.4581694480222531,2.722404419631097,3.7730392093813467,3.150243786182181,0.14928814449180547,8.893094091161954,3.0441494046251387,3243.324998482798,2066.6078690663317
12,"2,3,4,5,SF",1,136524.0,4.82936452763989,2.991532393236585,0.646578168269925,3.3358230682647165,4.6997131643770444,3.873508076160885,0.17016292184130422,11.175327703669712,9.652084130284031,4151.681219791677,4057.9148286401914
13,"2,3,4,5,SF",2,130247.0,4.704169433102823,2.2727536455707464,0.5685770152188674,3.423621061943292,4.719916682375237,3.9514617311336546,0.18416764738547664,10.970865920547908,3.755380817734558,4001.680561487102,2549.971209525564
14,"2,4,5",1,89903.0,2.980958145436678,1.8514416113323797,0.40708878487671585,1.9618766751065655,2.8140930937364868,2.2772276881802545,0.10543055145677549,6.23145279340379,5.832827300968079,2710.8884122076524,2655.836515465715
15,"2,4,5",2,87803.0,3.0378489761538443,1.3208733980293421,0.3578483041419702,2.0233156729267168,2.8223527555000256,2.3526302652966127,0.11050046236337502,8.340718749043315,2.8550686357045483,2526.310504085462,1623.3461044770895
16,"2,5",1,48996.76,2.1476048027646626,1.2118920291770912,0.2796989737154957,1.2861475654186532,1.841798431373559,1.4704037701335817,0.07395129797970039,3.100964649687818,4.966345116770728,1976.9041821662845,1792.5624865180196
17,"2,5",2,47173.28,2.142382702967213,0.8994488576106796,0.24590055453359538,1.336915715601477,1.8669233532139717,1.5297404482216077,0.08335943810133012,2.9979925682830753,3.0020074317169243,1628.9153888629173,1253.2147951937109
18,3,1,32094.090909090908,0.89919573,0.5622657,0.110155426,0.6982059,0.94384545,0.82231027,0.031850047,3.0,2.0,593.0,573.0
19,3,2,30342.636363636364,0.6935546,0.5405329,0.09561981,0.7052005,0.9531416,0.80093676,0.039272204,0.0,0.0,686.0,419.0
20,"3,4",1,207677.0,1.7442792634849313,1.212209571918654,0.2418023269366062,1.3667886126224706,1.916173709337921,1.6194364002599804,0.06379792676007076,6.0,2.82324857380801,1376.6337310431024,1490.788167874253
21,"3,4",2,194581.0,1.6454356432368236,0.9426479274878639,0.21179005261959183,1.3861802765321185,1.9066738711922642,1.6217956018467796,0.06568053111570292,5.936349981221259,0.0,1614.2030792338273,807.1309800976494
22,4,1,49592.0,0.85321134,0.63677436,0.12841882,0.6730322,0.96805006,0.80090886,0.031933185,3.0,1.0,755.0,866.0
23,4,2,48366.454545454544,0.9111348,0.4239479,0.11292879,0.68480015,0.95347065,0.8177165,0.028437367,5.0,0.0,890.0,393.0
24,"4,5",1,136210.33333333334,1.860195852368719,1.2635837312449654,0.2644567545218634,1.3111089620889094,1.8778696411443696,1.5629708184367965,0.06386599405126914,3.249155627840657,3.833896248106229,1570.518576187506,1765.9270805899655
25,"4,5",2,127204.33333333333,1.8830257521324103,0.7946681546019922,0.22559137018281283,1.3457745352717618,1.8802296435471617,1.629567472340609,0.06702370623918022,7.217997521296294,0.9273341595679021,1498.0904154913578,952.9201487222224
26,"4,5,6",1,330853.0,3.0923899819162504,1.8673182834119388,0.38220925637367664,2.0454899059902,2.843059638922743,2.43029629439075,0.09359436755800876,4.0428220630956515,13.843474158366455,2513.745384796338,2783.305168052436
27,"4,5,6",2,303800.0,3.044736601317419,1.420592974379833,0.33563352826344356,2.058820459635127,2.8470593410434835,2.473609179003223,0.10281423679396037,6.201268023396706,4.641871533366926,2479.0691182488554,1832.5325428718859
28,"4,5,6,J,Z",1,234885.0,4.1849256366884156,2.4068490781880727,0.5270089865163632,2.762652486445427,3.797850037401619,3.274433245046929,0.11196167465938509,4.836200514454648,16.56016906053663,3210.21893985548,3414.643983568197
29,"4,5,6,J,Z",2,225617.0,4.110206703559369,1.9158394051694267,0.47723898242175183,2.781650586833458,3.809920229320984,3.3253670246286404,0.12231392527174953,7.808418658723997,5.522246194280517,3153.5522337015473,2250.3461451775215
30,5,1,25162.2,1.0209124,0.6259068,0.13672803,0.6349107,0.9045454,0.75854343,0.031932775,0.0,3.0,821.0,903.0
31,5,2,24655.6,0.9766518,0.36654934,0.11264172,0.6591074,0.92466587,0.81139135,0.039381612,2.0,1.0,586.0,573.0
32,6,1,88025.79310344828,1.157177,0.6107018,0.12134718,0.7148066,0.95867026,0.8460095,0.03027583,1.0,8.0,904.0,984.0
33,6,2,86027.24137931035,1.1133116,0.57568085,0.11064738,0.7042191,0.9609578,0.83761084,0.03528968,0.0,3.0,930.0,791.0
34,7,1,146027.5,0.8874427,0.34600908,0.08022202,0.7164032,0.94738626,0.9342823,0.03370866,1.0,1.0,699.0,229.0
35,7,2,135256.25,1.2637489,0.73836136,0.11219744,0.65786195,0.90361917,0.90589875,0.04569694,2.0,1.0,749.0,398.0
36,"7,E,F,M,R",1,485404.0,8.377609819375731,-0.49156368561253927,0.7784463078022197,2.750321070269783,4.2452736077982385,3.9968006438807926,0.15867396719942817,22.38741080464325,4.614852344383392,6992.857756595915,1475.804340694475
37,"7,E,F,M,R",2,446708.0,8.364595820420206,0.5759419076824744,0.8194412256759964,2.8109947115078695,4.27983606280031,3.8381302666068935,0.2003330684728295,23.650975004268933,3.2289226806026727,6849.737661263603,1696.340433069756
38,"7,N,W",1,113261.0,2.5101601340253774,0.6914725673957096,0.23178868270562353,1.3587352364828142,1.865394919332211,1.7393112948077465,0.041558297212717345,4.301398761085371,1.23286707963821,2372.258808859474,637.5091033646589
39,"7,N,W",2,110647.0,2.665317846409032,1.1629975218144033,0.2625045670479651,1.3104930507025037,1.8246712830325018,1.7239124800135561,0.05664882661839715,3.2396634570804337,2.0,2022.6322146145008,821.0911059163458
40,A,1,37752.64705882353,1.4231993,0.573744,0.14961956,0.64248127,0.94197226,0.80328834,0.036054023,1.0,0.0,1253.0,422.0
41,A,2,36138.294117647056,0.8700609,0.26011184,0.12354508,0.6767137,0.9650493,0.83270174,0.03045614,0.0,1.0,896.0,296.0
42,"A,B,C,D,1",1,599400.0,7.494621448909908,3.6263952301374447,0.7836081669936427,3.3674634549586355,4.6653214338385585,3.8368926376199273,0.20652609645916764,2.6702050504329455,2.3532387308269334,5831.91768354697,2357.692799984812
43,"A,B,C,D,1",2,585186.0,6.247388296573733,2.7677330992714504,0.7369343643832934,3.423770032902501,4.71396546084163,3.8663532423831337,0.21115875483335306,13.157668990774535,5.111813259087322,5216.765642007974,1796.3702916976235
44,"A,C",1,111118.0,3.2150456331086956,1.1190978715241995,0.3179407575019969,1.299399889179042,1.8624302345483572,1.544900120452546,0.08569883461142441,2.0,0.0,2312.2218757471746,844.6920647294744
45,"A,C",2,106231.5,2.182102141005675,0.5428276762724888,0.2675941387587052,1.3727827103114187,1.9137156517865603,1.6020049862915748,0.07740379703349065,0.6850891632142145,1.3149108367857854,1718.0103703728648,600.2210699585705
46,"A,C,1",1,223881.0,3.589131563794182,1.6295243528293635,0.3659318485398039,2.124492196978572,2.8744713247781153,2.405438305256256,0.11644494824414224,1.641007744755486,0.0,3367.616623021649,1470.4166800771466
47,"A,C,1",2,208760.0,3.154434011284943,1.2553696433231034,0.3499733278530954,2.143326666992955,2.8948158693510595,2.4131366094645035,0.1198760050941005,6.015134611951476,2.4394782777079596,3042.0142336065765,1141.547493924594
48,"A,C,B,D",1,196045.0,7.433657648532816,3.2644272308343303,0.7698059526507001,2.5045232293977926,3.628549720370332,2.9437346532678315,0.1784698573332462,3.09726226798062,2.729602180686121,4817.3967679493135,1705.3566792970514
49,"A,C,B,D",2,199964.0,5.44561489615383,2.1387615422381883,0.6830979025208033,2.6234845486024314,3.7131002021866544,3.0289601294811392,0.17032215571819165,8.030402240274721,4.1302343745031385,3887.7286152369725,1222.3941738174713
50,"A,C,E",1,454283.5,4.5105391036022535,0.5441353622802624,0.4277611027577186,1.8434480848923243,2.6996695385350233,2.3458715183240724,0.1113830746119025,7.709592274726539,0.0,3948.5806076047634,1087.66617281666
51,"A,C,E",2,427922.5,3.60928947297796,0.32435582456047474,0.40209409609624425,1.8993411517179357,2.732066955041554,2.3302944079831684,0.10607679980551718,8.969792159716377,2.381012376003071,3511.106505700718,999.2164221461904
52,"A,C,E,2,3,R,W",1,581151.0,9.593248423689529,1.1917073841046018,0.9488585844707098,3.433995402881053,5.203843304135525,4.536425706020438,0.1797178361599364,22.59257828468509,5.046265795824603,8202.97592135868,2685.663254176505
53,"A,C,E,2,3,R,W",2,543510.0,8.663927107863465,1.2776237952094232,0.9115900554490866,3.539809796089771,5.260954236006072,4.471150602374644,0.19949560087282142,21.698199474722898,5.54828710992133,7490.951228467157,2346.6116776941053
54,"A,C,E,B,D,F,M",1,349310.0,12.667604132093606,1.9152068888274993,1.245734190393916,4.135067805736635,6.172743141531233,5.26843281866187,0.2708924593000229,22.272474542046915,5.384526705101566,9771.254168738917,2789.3376936783106
55,"A,C,E,B,D,F,M",2,343823.0,10.52358984284054,1.5845954499115482,1.1824868999006417,4.364727856540578,6.325558374489554,5.213534342363416,0.2869322562882101,23.333962801181464,4.950419830354563,8905.30150834256,2400.2211495201336
56,"A,C,E,L",1,407967.0,5.560832443153118,1.1006028895794246,0.523378665238738,2.5714387731945467,3.669851255310817,3.2506666560863975,0.14619351648762546,8.80821029917573,0.937180533666313,4676.04339028228,1444.0779789770497
57,"A,C,E,L",2,374625.0,5.530694598342354,1.0291996923075724,0.5203563503397961,2.6070362917193557,3.6924439540587106,3.218396711198655,0.14111033550358673,10.058629491897555,4.3271577028233175,4253.123228271454,1380.942827840979
58,"A,C,F,R",1,303539.0,7.7866901574335285,0.472928389823187,0.7388855510620461,2.062734568379903,3.348302009868803,2.930691195687362,0.1523654397396624,18.27359682706487,3.5683992067662182,6457.9232341106635,1517.6896060460228
59,"A,C,F,R",2,319951.0,6.397304600041757,0.19803722083387854,0.6717112494457759,2.278807275722089,3.502722377139165,2.944182720215319,0.1659864569305055,14.107206859081536,2.1714722985874366,5512.332803738001,1241.4356864334177
60,"A,C,G",1,108566.0,4.618161918342901,2.0536274393543845,0.5036484599959625,2.0065494070301866,2.8088665404616706,2.281270037895532,0.1675505985439103,2.419740288938765,0.0,3790.3125804812744,1171.6747158401888
61,"A,C,G",2,100092.0,3.346745999620008,1.3710582105165798,0.4381877654327598,2.1104805627347942,2.8716226232423834,2.377449215450364,0.1670653559527101,0.8173197388020494,1.5687046874710278,2768.5727509842823,848.0758153937438
62,"A,C,J,L,Z",1,62240.0,5.52195289459905,2.1909184801567934,0.564142262333185,2.7608384222924363,3.7934340359683025,3.316713952653976,0.1393263057998034,3.4740631966551883,1.163647455023933,3731.4991398440134,1498.9223338718884
63,"A,C,J,L,Z",2,57933.0,5.407654163299398,1.7696658630966913,0.5418487874712755,2.821455136493211,3.8476886371806343,3.360770297181909,0.12916157572366388,2.5087524364499614,3.854438877336591,3062.308690629294,1224.1282537234624
64,"A,C,J,Z,2,3,4,5",1,835476.0,8.266563840566409,4.05383349313692,0.9930503720021095,4.663081391665198,6.569934303801708,5.462946191432245,0.24244854613633224,12.067654457860655,8.587425938476484,6387.322462875041,4607.188138473074
65,"A,C,J,Z,2,3,4,5",2,790315.0,7.031255255955028,2.860069118204076,0.8756184048799751,4.822155221101974,6.650415798725518,5.5917449729577635,0.2452248083134182,11.01419640865721,4.725241887986145,5605.773815404908,2985.0031454991395
66,"B,D",1,58005.5,4.313721983231809,2.2425873439203396,0.4645574785668193,1.1961885655046498,1.7569919259790807,1.384991608637276,0.09344126795458643,1.011708030469141,2.9882919695308585,2523.4614305984196,862.178364656937
67,"B,D",2,55027.3,3.376004642780914,1.7054814343056601,0.4308898092642307,1.238002584596042,1.7874914533267914,1.4087458829669997,0.0945322343976959,8.038131466603986,2.97140140004701,2216.706383130528,624.4566266008931
68,"B,D,4",1,193141.0,4.843890231979673,2.7592982987616295,0.5672399135335227,1.8877903071063211,2.7472334024357137,2.212765116356076,0.12171013775806347,4.629754932835912,3.865843084394742,3152.89406171234,1835.9488341120236
69,"B,D,4",2,182356.0,4.06871615031918,2.008870376275298,0.5149952713842678,1.9413026753758604,2.7577543028177125,2.2583299441004514,0.11767572889288197,13.31392996032558,2.5536832826374694,3045.3144189821883,1040.1663129513115
70,"B,D,F,M",1,606747.0,8.289140247298594,1.4108576501900807,0.8332343675301463,2.281369866721664,3.465278205510974,2.9099105432328063,0.16018723639710578,14.826872472730603,5.716378438682087,5857.057249627888,1717.1685382866635
71,"B,D,F,M",2,537095.0,7.040274249344947,1.309850014965638,0.7950324602335586,2.4613671135385675,3.5905388526049564,2.8698257903718756,0.18321799582872536,14.50827623002903,2.5331315101020313,5436.910377024825,1405.1230881418726
72,"B,D,F,M,6",1,372601.0,8.921790894346424,2.169433989922895,0.9047365574954518,3.0789811628484016,4.4768825204132945,3.8238607477537325,0.18486248626289056,14.275421838398902,17.482723839585912,6439.922064904322,3019.1188501076085
73,"B,D,F,M,6",2,346560.0,7.809322469149485,2.017655437078223,0.8587792249342087,3.212894876519942,4.585203007839571,3.771393819369049,0.21291072469074804,12.577617378782435,6.792915453681692,6138.436079758604,2430.181995229926
74,"B,D,F,M,7",1,517766.0,8.73210888248244,1.7543513353077176,0.8654068232274963,3.0525653411543634,4.443075303833055,3.9217722011945804,0.1915182443276542,14.811491825428748,6.555410674955908,6268.980967960805,1871.0322483698558
75,"B,D,F,M,7",2,474480.0,8.116931208901246,2.2031032121772696,0.8746001136428766,3.1352574057929736,4.496413914783529,3.8467594775191474,0.22887439056014497,15.89493863672871,3.671368664992748,5955.879867686794,1820.7343005906637
76,"B,D,F,M,N,Q,R,W",1,963194.0,13.91114570485576,2.5774263981784684,1.4398935236570345,3.864761562665847,5.992869031880584,5.190079356325358,0.2636036305546578,24.89320736450844,6.642249748981756,10364.288863554326,2874.608894276673
77,"B,D,F,M,N,Q,R,W",2,888395.0,12.033611508769276,2.302302498534249,1.3667617191145809,4.1460973554779175,6.180208630734482,5.163319720290823,0.30344262033456837,24.594033656422503,5.605654926891729,9159.482447693217,2331.766889569907
78,"B,D,N,Q,R,2,3,4,5",1,390338.0,13.706626677597935,5.596284156854595,1.578372045942034,5.429072566975128,8.043132978195738,6.769007606600671,0.3319187674473073,21.08433004977708,11.738026362765252,10408.721903522524,5339.994919156545
79,"B,D,N,Q,R,2,3,4,5",2,359960.0,12.065223434086967,4.36564433559832,1.441622073121819,5.652776304494048,8.157981134514984,6.868864396267724,0.3621071746591788,26.65310612698011,8.799584720130559,9189.495002346348,3656.6150222720667
80,"B,Q",1,97137.5,3.622702780885877,2.1910682251828333,0.44024023360070635,1.2507977047246426,1.8103205946705383,1.4278229546880603,0.13279957799211095,1.1416327284852312,1.7167345430295375,2176.136708672595,1135.682450940616
81,"B,Q",2,95565.66666666667,2.913950945294027,1.6664369010417135,0.4022393790738681,1.343460447471909,1.8653811513856198,1.4862762186173442,0.13743130171206022,1.712748534388332,3.712748534388332,1784.4023387827165,744.8994153043209
82,"B,Q,R",1,198666.0,6.078858673717638,1.925933025359858,0.6641702008256554,1.5510680975291753,2.4964510244692497,2.1533153192125685,0.15309031910466567,6.9956395282192085,2.7440432579391603,3935.67758047143,1231.3588829951502
83,"B,Q,R",2,193083.0,5.276441432423557,1.4654871754015617,0.6203653704428436,1.6574297577478467,2.565413249745907,2.1855102481804587,0.1664874274835203,11.099919654103754,4.546455156830236,3403.6207599492363,855.2859990824853
84,"B,Q,SF",1,86101.0,5.311588278784507,3.19813507125522,0.6454832878523207,1.9059977586567072,2.7228739856226656,2.164180087524415,0.19380793220246445,1.6661007646840877,2.5054053405565995,3178.8619230170493,1658.4724747614757
85,"B,Q,SF",2,79924.0,4.276503957752421,2.4300491108135263,0.59061009892852,2.0427626516389568,2.8036773791785494,2.2509611769245486,0.2002971256905018,2.4962188685905278,5.411087944198283,2601.4157761994775,1086.32318244957
86,C,1,38312.8,1.9558764,0.53272164,0.17664252,0.66334254,0.91088516,0.7141687,0.055692054,1.0,0.0,973.0,423.0
87,C,2,36767.1,1.5152037,0.29310608,0.153474,0.70496595,0.9411357,0.74016124,0.054528214,1.0,0.0,788.0,308.0
88,"C,B",1,74632.0,4.370617553141844,1.936033366423961,0.4257269303828402,1.2297209507242777,1.775237317793472,1.316812067537333,0.11538388403367833,0.9088890330719662,2.1822219338560673,2286.4266216815463,987.8444257006443
89,"C,B",2,70516.0,3.302255209879837,1.2886652101514182,0.3797134398215585,1.3083660091044966,1.8301512787671077,1.3983645164226064,0.10874308813488162,3.0895708169816367,3.2687124509449097,1826.6012879057764,651.955836960394
90,"C,E",1,177756.33333333334,3.1129150816542097,-0.15455436453448856,0.27590209016045886,1.1920508885472783,1.744296464330205,1.5357904356365997,0.07567095292599782,7.209503166415749,0.0,2715.704092837927,646.7365038845976
91,"C,E",2,166666.33333333334,2.8429131840320725,0.016923639379246763,0.2818137314867968,1.2090533852314276,1.750093553628495,1.4801777137007763,0.07714705586309335,9.900653041125834,1.3167755068543057,2700.526282853577,714.7581630140728
92,"C,SF",1,50109.0,3.673107906581905,0.9893888890220149,0.3331073455305911,1.374200913994243,1.8340906057924762,1.4682146268854723,0.10334277871232123,1.8556108329622971,0.0,1810.85173965271,786.8004415145418
93,"C,SF",2,47953.0,2.8542077383210738,0.5443233441081186,0.2915355944824792,1.4538004759459984,1.8909355304060345,1.5189743279108647,0.10082610348505638,1.8490630095652205,0.0,1458.4200844513068,570.7189028695663
94,D,1,41729.25,1.9423792,0.9168172,0.22177114,0.6211667,0.8885167,0.77117145,0.03437592,1.0,1.0,1239.0,312.0
95,D,2,39749.0,1.6127496,0.7692758,0.21072312,0.6261161,0.8941828,0.74306035,0.04042332,6.0,0.0,1197.0,284.0
96,"D,F,N,Q",1,98373.0,7.2774866840382,1.4810438736390916,0.7787854044206406,2.327415108825113,3.5086220551869682,2.984731067651709,0.15528302322389337,17.43859154159366,3.517094128878935,6574.387661235381,1902.3619219735829
97,"D,F,N,Q",2,93330.0,6.119789130324505,1.3860171862499333,0.7267812414003665,2.554824976893514,3.6584786506310105,2.976123753558926,0.1811372525676736,10.982490982034529,1.8502368955668138,5652.193033719248,1612.0966045262028
98,"D,N,R",1,150227.0,6.2581433394465575,1.0231884395797313,0.6237799049081383,1.5233057755612842,2.473019759790927,2.2486229647623177,0.06395957747371468,10.740500709522951,2.1043223684436057,4891.351855966106,894.3759488451337
99,"D,N,R",2,137439.0,5.447811382208174,0.894096182448644,0.5943103125864135,1.5799951505412126,2.5143210027704503,2.2255151029664493,0.07854784737303952,16.01046001148956,2.1663554098672724,4193.574966012338,819.2911162634024
100,E,1,41472.0,1.3425068,-0.40402615,0.11722576,0.5599667,0.8513986,0.7966741,0.02827051,5.0,0.0,1564.0,270.0
101,E,2,38689.0,1.3728148,-0.13922921,0.13438626,0.5524126,0.84075576,0.7400513,0.030295251,7.0,1.0,1642.0,383.0
102,"E,B,D",1,162971.0,5.408996521587992,1.3754847178662641,0.5468539552525721,1.7445799968906766,2.6001639552737785,2.213293513738143,0.11611044879649146,7.376099455490623,2.5346796533633786,4179.228280516327,1083.2728106812228
103,"E,B,D",2,152084.0,4.644477662009,1.237863878806758,0.5384418745265683,1.7683712194574563,2.610705061085765,2.160608384902303,0.11920933658070632,16.02495984222986,3.8106117985455077,4035.3683843724803,1030.8853581251828
104,"E,F",1,91006.66666666667,3.446925054026729,-0.7344428461531837,0.3082386304975145,1.0293983469139458,1.6582057658150076,1.475929735137457,0.0697148554770372,14.27933640125929,2.1396682006296457,3808.414487800227,786.0618430724091
105,"E,F",2,84624.0,3.1541925548762153,-0.32024072261545466,0.31015945223897895,1.1350962948992374,1.7271815624283775,1.4101061564801487,0.08184420174293766,10.820503606950162,0.9401678689833872,3632.684771104465,845.4874098262458
106,"E,F,M,R",1,232952.0,7.673150769204485,-0.9407395808334265,0.7157469811863028,1.9952957212646762,3.2750558070866904,3.0311908461720467,0.12450699631116971,22.194845294027193,3.596966903926255,6456.290853930941,1262.1661928365606
107,"E,F,M,R",2,220133.0,7.193429313238642,-0.3034239449462793,0.7189397930504358,2.131487224345594,3.3654347499382222,2.9009447437310047,0.15336216228451766,22.268732471581018,2.1487748348332203,6241.238605239461,1285.0512438168223
108,"E,G,M,7",1,246644.0,5.030026390149365,0.5402726120259979,0.5118516120171475,2.670622833275385,3.6767753973610002,3.424383157309075,0.15723081572092185,8.123822865853743,1.4940531526666314,4194.840672301789,1011.461732947323
109,"E,G,M,7",2,236453.0,5.653365508282054,1.6178183410917601,0.5923297211722884,2.5643904169502107,3.5826897732211,3.2804792449061013,0.19234032842091503,13.50217697618819,2.7611882470501086,4331.524429459068,1352.3180781215779
110,"E,J,Z",1,229850.0,2.600803859052063,-0.37818912388847836,0.26179880167058933,1.228210161695749,1.7619768057931098,1.6434745595502411,0.04180851300666206,7.3943683730258245,0.0,2570.3948318275266,507.1690415001254
111,"E,J,Z",2,217014.5,2.6163297902357754,0.0779104932127073,0.29374079322366925,1.2223399380277946,1.7569490593067725,1.5594439859675755,0.044309986436472416,10.775630167871343,1.4626050279785574,2656.3226726789553,647.7731061552827
112,"E,M",1,231183.0,3.0652372238833947,-0.56629006030122,0.28908313113721246,1.2233549508657056,1.7778540112263301,1.6674605695882114,0.052333850139503854,6.584544922180658,0.0,2292.5796879653894,538.6338179688723
113,"E,M",2,196484.0,3.142155279479539,-0.05612963125827858,0.32478060449557716,1.1938015362503793,1.748538774866254,1.5476745768666849,0.06281629605972877,10.408363221126884,1.2816726442253767,2600.1523573025584,651.7859504318349
114,"E,M,6",1,582249.0,4.06500773319342,0.4191632011063492,0.4007059046784221,1.981399149122567,2.7657646126619895,2.5186182154316903,0.08433236693041161,6.6234938497131495,11.354055292398808,3094.9979962773086,1822.2696434449588
115,"E,M,6",2,541254.0,4.089154081864265,0.7389004539011483,0.41662905795067356,1.9370108855481443,2.740991686262066,2.408455239121176,0.0995161908527557,8.517611335201046,5.138789767908968,3395.6985113220803,1611.7658304734637
116,"E,M,R",1,146657.0,5.567185054826291,-0.5679065981720551,0.526821167795828,1.5287832125039467,2.468739003868793,2.370918877081715,0.08036672755904498,11.897244184946203,1.1831084032088601,4035.9963587170123,692.8142741595102
117,"E,M,R",2,145291.0,5.448823214634475,-0.0895859799891931,0.5476588293288944,1.5340477951421492,2.4670441476331293,2.2444731838201117,0.09890279247484474,18.805147587869193,2.3326453873140567,4129.667596889835,780.2488667841853
118,F,1,61000.0,2.054684,-0.3352216,0.18619637,0.47534138,0.8097179,0.6869202,0.040584415,9.0,2.0,2200.0,500.0
119,F,2,56822.45,1.7583126,-0.17865272,0.17343672,0.58097476,0.88384753,0.67400646,0.050349087,4.0,0.0,1971.0,458.0
120,"F,G",1,89136.14285714286,3.7192481718350336,0.08156208895617212,0.38159258829879084,1.0840845497193787,1.69152726669527,1.3852354358972139,0.11507511980633686,13.608014408437155,3.0240032018749234,4161.368782858419,881.9043874268658
121,"F,G",2,81833.0,3.23534172714432,0.3399801514980731,0.3573005702851193,1.2590582991403716,1.8060898089438169,1.3918799496752914,0.13736289373283594,5.944581004885801,0.0,3530.91620097716,791.1332960468123
122,"F,G,R",1,126903.0,6.160701751409671,0.02073967528176509,0.6108202541218541,1.4025006692670947,2.390471479722067,2.1144937971968467,0.13740109839767847,18.279945757221213,3.9308928893178767,5734.228308466143,1004.9939489170847
123,"F,G,R",2,116253.0,5.547360322278178,0.27435623386887464,0.5786060922523286,1.589521182033959,2.517204497513512,2.0999426616987766,0.16749536322573677,14.758769253527483,1.1619401934493798,4989.089805024784,904.8520061415345
124,"F,J,M,Z",1,257565.0,5.5872976395051035,-0.3907199345279533,0.5584365247852604,1.760667891668118,2.627030402939959,2.336498657160402,0.08630493683216858,15.363896459828904,3.414199213295312,4276.51957977263,1168.1431474880542
125,"F,J,M,Z",2,240687.0,5.075363000800028,0.12632730860928007,0.5561263014736049,1.9228601075184963,2.7448053184717307,2.2676206755436565,0.11017142386023712,8.754723888057091,0.0,4062.077599944872,1024.337816646098
126,"F,M",1,274689.0,4.012670247633952,-0.49320427624597535,0.3792346864274969,1.0974047576876838,1.7136494542127902,1.5095109737842805,0.06968549527124765,12.405324346408467,2.7567387436463258,3244.38866221926,855.7816942629738
127,"F,M",2,251684.0,3.627216810793646,-0.1255600779083274,0.3727221494699342,1.2252460648721342,1.8010478802218528,1.454353033996847,0.08943725119228244,6.671689516977824,0.0,3091.217135624296,760.5876734864055
128,"F,M,1,2,3,L",1,384972.0,7.550396164458171,1.8056152021877243,0.7806114799547166,4.008772763759497,5.58558108192793,4.802486893171498,0.21193925053001758,17.930568385555425,6.96249401026041,6871.644900316675,3269.4388244397337
129,"F,M,1,2,3,L",2,363718.0,8.392826576962154,2.313261261529266,0.8066946499331313,4.092911508767715,5.646030268255681,4.679625180740174,0.24998613403350226,14.195754616217478,5.159310657481685,6909.960813724025,2735.9566912611476
130,"F,Q",1,96648.5,3.539428958088203,0.3991584365800156,0.3866321726537897,1.1113321528981848,1.7245221877731964,1.462247903318139,0.10770412685361767,11.176406315291265,2.2941015788228163,3325.2839946583745,1067.382987636499
131,"F,Q",2,91989.0,3.0658588207208513,0.43403553961232955,0.35819157571382654,1.2769532312082,1.8341010492787513,1.4562498541134046,0.12545504612200079,4.609321493813984,0.8476696265465041,2947.683528060951,863.4444831541168
132,G,1,62727.0,1.2552555,1.2057779,0.20504858,0.7487066,0.9574468,0.71027076,0.110064745,0.0,0.0,1711.0,258.0
133,G,2,58786.0,1.2109138,1.1783175,0.1937287,0.76995575,0.9585666,0.759375,0.12170139,0.0,0.0,1171.0,215.0
134,J,1,23986.85714285714,1.180915,0.42084712,0.16970302,0.7677412,0.96495956,0.8928626,0.0,0.0,0.0,494.0,207.0
135,J,2,23008.714285714286,1.13221,0.5239123,0.18084794,0.7710874,0.9811321,0.88769203,0.0,1.0,0.0,474.0,163.0
136,"J,N,Q,R,W,Z,6",1,390662.0,7.978787935522723,2.304752237421391,0.8695587932535208,3.0464634695912536,4.454157439243354,3.9857745820734096,0.15258096425237955,11.696073505916063,13.959984894053196,6129.552925129571,2821.4625244384356
137,"J,N,Q,R,W,Z,6",2,352139.0,7.238845721252458,2.123411245072323,0.8246389508754913,3.134618349225871,4.528162103707149,3.9831928413540996,0.17614504055962096,10.534664736119598,7.695134922494414,5398.108091459041,2244.149139616885
138,"J,Z",1,31734.81818181818,1.180915,0.42084712,0.16970302,0.7677412,0.96495956,0.8928626,0.0,0.0,0.0,494.0,207.0
139,"J,Z",2,30630.18181818182,1.13221,0.5239123,0.18084794,0.7710874,0.9811321,0.88769203,0.0,1.0,0.0,474.0,163.0
140,L,1,79023.94444444444,1.0199139,0.58160985,0.092469186,0.73559916,0.9748934,0.913029,0.034655116,1.0,1.0,688.0,356.0
141,L,2,74126.44444444444,1.9549714,0.7327286,0.11752537,0.7111803,0.9626989,0.89330506,0.03501833,1.0,2.0,722.0,384.0
142,"L,G",1,155243.0,2.191647275635769,1.5658721254938375,0.25756363062181886,1.479653963488985,1.938531953157678,1.6952581342829682,0.11795717895994201,1.3548974102505926,1.3548974102505926,2035.9399493136436,648.7799462045581
143,"L,G",2,147541.0,3.417916087846901,1.7601140134495448,0.28544209937193255,1.4612273374929292,1.9226652131913573,1.6980455154851515,0.12735800314758672,1.3387249694740042,2.6774499389480084,1740.912488706172,656.2445198411067
144,"L,M",1,195963.0,2.7423393579917668,0.6584683051926391,0.26862277231964815,1.4518379069998253,1.9389068470959259,1.819778252202533,0.05928760973259021,1.2009787388868012,1.2009787388868012,1098.7396223937199,641.6861290220385
145,"L,M",2,185334.0,3.8849052311982284,0.9982894780419981,0.313817013936456,1.3933713876815426,1.9016153780335658,1.7374510799457017,0.0686873568024098,2.830595997285445,2.33880800542911,1417.4209280868658,635.1046404343288
146,"L,N,Q,R,W,4,5,6",1,830973.0,9.593156372851867,3.6647842727292135,1.0715303888178025,4.398280919488258,6.368974126712089,5.612679310592259,0.23155657643502156,14.796408499747344,17.454023600111988,7579.951341943184,4506.620174243737
147,"L,N,Q,R,W,4,5,6",2,795975.0,9.72805671017882,3.1492443644837387,1.0056263721562957,4.492387281410329,6.425327441281932,5.659111418073627,0.25746651996722403,17.1361205864941,9.724482833301277,6851.604933224924,3255.0580084829917
148,M,1,38990.833333333336,1.899129,-0.050102245,0.19720282,0.711369,0.9612768,0.9051697,0.022111492,0.0,0.0,341.0,268.0
149,M,2,36115.166666666664,1.9248273,0.1702798,0.2123564,0.6762786,0.93406594,0.8341198,0.03339383,2.0,0.0,690.0,224.0
150,"M,J",1,45160.0,3.2171811564343664,0.2808209014480079,0.37215670447007965,1.4683463841875133,1.9255331667536555,1.80038224124029,0.026333502622740913,0.0,0.0,805.7858870274625,486.64745680604443
151,"M,J",2,42187.666666666664,3.2219340024326937,0.620622127299392,0.3997593838436461,1.4276419055579521,1.9054063604843376,1.7106666227619471,0.0403411076440761,3.208040756153939,0.0,1208.9368033292508,399.6904861253903
152,"M,J,Z",1,109714.5,3.2171811564343664,0.2808209014480079,0.37215670447007965,1.4683463841875133,1.9255331667536555,1.80038224124029,0.026333502622740913,0.0,0.0,805.7858870274625,486.64745680604443
153,"M,J,Z",2,104270.0,3.2219340024326937,0.620622127299392,0.3997593838436461,1.4276419055579521,1.9054063604843376,1.7106666227619471,0.0403411076440761,3.208040756153939,0.0,1208.9368033292508,399.6904861253903
154,"M,R",1,94840.1,4.392281072933766,-0.0937580241926236,0.42866099397841917,0.9523664263578655,1.6080378587898176,1.5721652414461027,0.0516123710196704,6.559488416589591,1.3118976833179183,2400.5859651464725,410.05782240147977
155,"M,R",2,89247.2,4.216250285659925,0.08423006255646445,0.4285050407560057,0.9686491218652333,1.6204670416211338,1.5069855009097812,0.06945265762046376,11.573777240178773,1.2622962066964623,2403.7222236308307,358.37696932455117
156,N,1,51064.5,1.8459138,0.34529787,0.17322369,0.61984736,0.90909094,0.7657935,0.0,4.0,0.0,1969.0,463.0
157,N,2,49282.625,1.4450108,0.32574776,0.16231957,0.6509823,0.9265471,0.79031175,0.0,1.0,1.0,1439.0,431.0
158,"N,D",1,45982.0,3.7852533247235693,1.2441061965862887,0.39346507442443884,1.2409724869056138,1.7982559450778761,1.5367954879788723,0.033292716756883334,5.094531571208857,0.9684894762637141,3231.0026823274884,779.7580890841791
159,"N,D",2,42572.0,3.0510449407452813,1.077266818679892,0.37110484337293015,1.27809392371258,1.8220256117730516,1.5352638200518214,0.0388049636125663,6.799823915077523,1.0400352169844957,2645.6885225102483,720.8851768967208
160,"N,Q,R,W",1,307821.0,5.664428763741338,1.1588360914741376,0.6079618891643415,1.5924943790266897,2.532680614709126,2.2731985144494664,0.10460911350371174,10.141490857450883,1.1655994732291897,4499.070112301159,1166.7427531004003
161,"N,Q,R,W",2,287300.0,5.011078477038613,0.9918300209778447,0.5732472360281509,1.6947054468544815,2.5960542495227212,2.28476615868159,0.12128766071290112,10.134951571479851,3.0,3744.53369423772,934.510322495288
162,"N,Q,R,W,SG,1,2,3,7,A,C,E",1,1670789.0,14.626924472205365,4.033148667120529,1.5230248880138295,7.047739194278504,10.017508360112252,8.811340117577188,0.38739860486294864,25.072272613772125,6.1536933139379135,12922.90521178886,4863.681385946658
163,"N,Q,R,W,SG,1,2,3,7,A,C,E",2,1584405.0,13.784960671795032,4.166304231254588,1.494486639087774,7.155914149783446,10.055583352185637,8.739692539995955,0.4305033841048526,29.223034708610918,10.327967564726311,11785.238065637199,4239.472296957527
164,"N,R",1,124947.0,4.284014387937544,0.2336089329905765,0.4050683037095374,0.9271992645034897,1.5986856794178324,1.48223169555299,0.03246895562279748,9.170301866235473,1.1703018662354738,3565.8440065371196,585.4421569254771
165,"N,R",2,119239.0,3.788253196349584,0.23338144083579163,0.3864944059277635,0.9767897235717515,1.6330564605454945,1.4827362626940501,0.04140517768742594,10.16323768533222,2.0,2950.3029623557995,537.802846211092
166,"N,R,W",1,182596.0,4.284014387937544,0.2336089329905765,0.4050683037095374,0.9271992645034897,1.5986856794178324,1.48223169555299,0.03246895562279748,9.170301866235473,1.1703018662354738,3565.8440065371196,585.4421569254771
167,"N,R,W",2,167507.0,3.788253196349584,0.23338144083579163,0.3864944059277635,0.9767897235717515,1.6330564605454945,1.4827362626940501,0.04140517768742594,10.16323768533222,2.0,2950.3029623557995,537.802846211092
168,"N,R,W,4,5,6",1,485506.0,7.124642768175036,2.2154864865908284,0.7702554773684048,3.0221325634259406,4.475354835216124,3.928157116159353,0.12945356386483994,12.479609323013547,15.926684223120715,5865.483749502249,3512.62692594952
169,"N,R,W,4,5,6",2,450608.0,6.617159087935381,1.7415720354982103,0.7021532763493512,3.0841856889452743,4.512640002011302,3.976761696237882,0.14755030714727868,15.624495031585088,6.776221129721496,5270.105001854447,2454.275948183013
170,"N,W",1,98627.33333333333,1.8459138,0.34529787,0.17322369,0.61984736,0.90909094,0.7657935,0.0,4.0,0.0,1969.0,463.0
171,"N,W",2,93220.16666666667,1.4450108,0.32574776,0.16231957,0.6509823,0.9265471,0.79031175,0.0,1.0,1.0,1439.0,431.0
172,Q,1,105709.08333333333,1.3864859,0.9187823,0.20289072,0.66368717,0.93292147,0.7905694,0.07169447,1.0,0.0,940.0,579.0
173,Q,2,97677.75,1.2265413,0.7548961,0.18678878,0.7166452,0.962187,0.8016941,0.07955489,0.0,1.0,798.0,396.0
174,R,1,64791.0,2.3519258,-0.045188397,0.22331412,0.35282612,0.72153574,0.72362036,0.027744086,5.0,1.0,1651.0,172.0
175,R,2,61703.666666666664,2.215247,-0.032786276,0.21536064,0.3721439,0.7378641,0.70637316,0.03550506,8.0,1.0,1501.0,153.0
176,"R,2,3,4,5",1,272643.0,6.498904548102219,2.261213319748728,0.7621642996645317,2.948487313521752,4.439032938190211,3.802463412473907,0.1644314844687959,14.551200290533266,8.649576188794775,5160.1448087601275,3342.4792848177794
177,"R,2,3,4,5",2,259169.0,6.20602075267607,1.7323951723501343,0.6891301989682915,3.046819210243495,4.479121416175399,3.8440543582986257,0.18451205478692848,17.78695555896404,4.081125277533094,4851.1182237945795,2163.338201026407
178,"R,W",1,104098.83333333333,1.8459138,0.34529787,0.17322369,0.61984736,0.90909094,0.7657935,0.0,4.0,0.0,1969.0,463.0
179,"R,W",2,102120.66666666667,1.4450108,0.32574776,0.16231957,0.6509823,0.9265471,0.79031175,0.0,1.0,1.0,1439.0,431.0
180,SF,1,16494.0,0.30308694,0.005989666,0.03689731,0.99242425,0.9962121,0.9903475,0.0,0.0,0.0,37.0,13.0
181,SF,2,15120.0,0.3478314,0.015580897,0.05136248,0.9956076,0.998538,0.9962406,0.0,0.0,0.0,9.0,8.0
182,"SG,4,5,6,7",1,1587648.0,4.882037923030763,2.6399063276471977,0.5591806839546337,3.493708595652313,4.744686562634384,4.23705438248749,0.15527268930988464,6.111192527984889,17.75875981157622,3900.70521866338,3607.26061563284
183,"SG,4,5,6,7",2,1455317.0,5.249423280758332,2.5661855100678443,0.5339457053225133,3.463696786809754,4.6983698377740675,4.267489720574964,0.1779857100191566,9.766655959336981,6.674023790613293,3840.3695609132283,2642.182576182398
